{
  "evaluations": [
    {
      "ll_normal": -22.68337843684682,
      "ll_tau": {
        "py/id": 1
      },
      "ll_uncertainty": {
        "py/id": 1
      },
      "rmse_test": 3.749505750991478,
      "uncertainty_classifer": [
        [
          0.9803921568627451,
          3.7665608007074156
        ]
      ],
      "uncertainty_classifer_auc": 0.0,
      "uncertainty_nll_gaussian": [
        [
          0.9803921568627451,
          3.76505015202294
        ]
      ],
      "uncertainty_nll_gaussian_auc": 0.0,
      "uncertainty_nll_gaussian_std": [
        [
          0.9803921568627451,
          3.786578829620763
        ]
      ],
      "uncertainty_nll_gaussian_std_auc": 0.0,
      "uncertainty_predicted_std": [
        [
          0.9803921568627451,
          3.407585430631334
        ]
      ],
      "uncertainty_predicted_std_auc": 0.0,
      "uncertainty_predicted_std_det": [
        [
          0.9803921568627451,
          3.407585430631334
        ]
      ],
      "uncertainty_predicted_std_det_auc": 0.0,
      "uncertainty_std_predicted_mean": [
        [
          0.9803921568627451,
          3.4078848561026223
        ]
      ],
      "uncertainty_std_predicted_mean_auc": 0.0,
      "uncertainty_std_predicted_std": [
        [
          0.9803921568627451,
          3.407585430631334
        ]
      ],
      "uncertainty_std_predicted_std_auc": 0.0
    },
    {
      "ll_normal": -23.471806175371736,
      "ll_tau": {
        "py/id": 31
      },
      "ll_uncertainty": {
        "py/id": 31
      },
      "rmse_test": 3.7598201496057095,
      "uncertainty_classifer": [
        [
          0.9803921568627451,
          3.7074475723435705
        ]
      ],
      "uncertainty_classifer_auc": 0.0,
      "uncertainty_nll_gaussian": [
        [
          0.9803921568627451,
          3.7605025146919377
        ]
      ],
      "uncertainty_nll_gaussian_auc": 0.0,
      "uncertainty_nll_gaussian_std": [
        [
          0.9803921568627451,
          3.791129314820453
        ]
      ],
      "uncertainty_nll_gaussian_std_auc": 0.0,
      "uncertainty_predicted_std": [
        [
          0.9803921568627451,
          3.4551912633848803
        ]
      ],
      "uncertainty_predicted_std_auc": 0.0,
      "uncertainty_predicted_std_det": [
        [
          0.9803921568627451,
          3.4551912633848803
        ]
      ],
      "uncertainty_predicted_std_det_auc": 0.0,
      "uncertainty_std_predicted_mean": [
        [
          0.9803921568627451,
          3.4552050059665396
        ]
      ],
      "uncertainty_std_predicted_mean_auc": 0.0,
      "uncertainty_std_predicted_std": [
        [
          0.9803921568627451,
          3.448637784355367
        ]
      ],
      "uncertainty_std_predicted_std_auc": 0.0
    },
    {
      "ll_normal": -22.111212300017858,
      "ll_tau": {
        "py/id": 61
      },
      "ll_uncertainty": {
        "py/id": 61
      },
      "rmse_test": 3.7667580438332524,
      "uncertainty_classifer": [
        [
          0.9803921568627451,
          3.5155753734961195
        ]
      ],
      "uncertainty_classifer_auc": 0.0,
      "uncertainty_nll_gaussian": [
        [
          0.9803921568627451,
          3.78253635449195
        ]
      ],
      "uncertainty_nll_gaussian_auc": 0.0,
      "uncertainty_nll_gaussian_std": [
        [
          0.9803921568627451,
          3.803976668725417
        ]
      ],
      "uncertainty_nll_gaussian_std_auc": 0.0,
      "uncertainty_predicted_std": [
        [
          0.9803921568627451,
          3.417839946206907
        ]
      ],
      "uncertainty_predicted_std_auc": 0.0,
      "uncertainty_predicted_std_det": [
        [
          0.9803921568627451,
          3.417839946206907
        ]
      ],
      "uncertainty_predicted_std_det_auc": 0.0,
      "uncertainty_std_predicted_mean": [
        [
          0.9803921568627451,
          3.417919015497817
        ]
      ],
      "uncertainty_std_predicted_mean_auc": 0.0,
      "uncertainty_std_predicted_std": [
        [
          0.9803921568627451,
          3.417839946206907
        ]
      ],
      "uncertainty_std_predicted_std_auc": 0.0
    },
    {
      "ll_normal": -22.5187650088569,
      "ll_tau": {
        "py/id": 91
      },
      "ll_uncertainty": {
        "py/id": 91
      },
      "rmse_test": 3.755810365732837,
      "uncertainty_classifer": [
        [
          0.9803921568627451,
          3.1047990411577264
        ]
      ],
      "uncertainty_classifer_auc": 0.0,
      "uncertainty_nll_gaussian": [
        [
          0.9803921568627451,
          3.7722466969107296
        ]
      ],
      "uncertainty_nll_gaussian_auc": 0.0,
      "uncertainty_nll_gaussian_std": [
        [
          0.9803921568627451,
          3.7928975201120205
        ]
      ],
      "uncertainty_nll_gaussian_std_auc": 0.0,
      "uncertainty_predicted_std": [
        [
          0.9803921568627451,
          3.4280568429282883
        ]
      ],
      "uncertainty_predicted_std_auc": 0.0,
      "uncertainty_predicted_std_det": [
        [
          0.9803921568627451,
          3.428056842928288
        ]
      ],
      "uncertainty_predicted_std_det_auc": 0.0,
      "uncertainty_std_predicted_mean": [
        [
          0.9803921568627451,
          3.4281586664490544
        ]
      ],
      "uncertainty_std_predicted_mean_auc": 0.0,
      "uncertainty_std_predicted_std": [
        [
          0.9803921568627451,
          3.4280568429282883
        ]
      ],
      "uncertainty_std_predicted_std_auc": 0.0
    },
    {
      "ll_normal": -22.890986343371754,
      "ll_tau": {
        "py/id": 121
      },
      "ll_uncertainty": {
        "py/id": 121
      },
      "rmse_test": 3.7941570606588724,
      "uncertainty_classifer": [
        [
          0.9803921568627451,
          3.429219798114048
        ]
      ],
      "uncertainty_classifer_auc": 0.0,
      "uncertainty_nll_gaussian": [
        [
          0.9803921568627451,
          3.8097972915954452
        ]
      ],
      "uncertainty_nll_gaussian_auc": 0.0,
      "uncertainty_nll_gaussian_std": [
        [
          0.9803921568627451,
          3.8317790602550446
        ]
      ],
      "uncertainty_nll_gaussian_std_auc": 0.0,
      "uncertainty_predicted_std": [
        [
          0.9803921568627451,
          3.4396005244974877
        ]
      ],
      "uncertainty_predicted_std_auc": 0.0,
      "uncertainty_predicted_std_det": [
        [
          0.9803921568627451,
          3.8313778346146994
        ]
      ],
      "uncertainty_predicted_std_det_auc": 0.0,
      "uncertainty_std_predicted_mean": [
        [
          0.9803921568627451,
          3.439794370385839
        ]
      ],
      "uncertainty_std_predicted_mean_auc": 0.0,
      "uncertainty_std_predicted_std": [
        [
          0.9803921568627451,
          3.439600524497487
        ]
      ],
      "uncertainty_std_predicted_std_auc": 0.0
    },
    {
      "ll_normal": -22.340435591432357,
      "ll_tau": {
        "py/id": 151
      },
      "ll_uncertainty": {
        "py/id": 151
      },
      "rmse_test": 3.7555937425133092,
      "uncertainty_classifer": [
        [
          0.9803921568627451,
          3.3772134852840052
        ]
      ],
      "uncertainty_classifer_auc": 0.0,
      "uncertainty_nll_gaussian": [
        [
          0.9803921568627451,
          3.7699413574468155
        ]
      ],
      "uncertainty_nll_gaussian_auc": 0.0,
      "uncertainty_nll_gaussian_std": [
        [
          0.9803921568627451,
          3.7928350772048764
        ]
      ],
      "uncertainty_nll_gaussian_std_auc": 0.0,
      "uncertainty_predicted_std": [
        [
          0.9803921568627451,
          3.388017343122757
        ]
      ],
      "uncertainty_predicted_std_auc": 0.0,
      "uncertainty_predicted_std_det": [
        [
          0.9803921568627451,
          3.3880173431227574
        ]
      ],